# German for HushPinterest: the English key, a tab, the translation. One row per string.
# After editing, run python scripts/gen-l10n.py from the repository root.
%1$d item in that file isn't a setting this version of HushPinterest knows, so it'll be left out.	%1$d Eintrag in dieser Datei ist keine Einstellung, die diese Version von HushPinterest kennt, und wird deshalb ausgelassen.
%1$d items in that file aren't settings this version of HushPinterest knows, so they'll be left out.	%1$d Einträge in dieser Datei sind keine Einstellungen, die diese Version von HushPinterest kennt, und werden deshalb ausgelassen.
%1$d switch will change.	%1$d Schalter wird geändert.
%1$d switches will change.	%1$d Schalter werden geändert.
%1$s. It was set when you patched, so Pause can't turn it off. To rule it out, patch again and leave out that patch.	%1$s. Das wurde beim Patchen festgelegt, deshalb kann die Pause es nicht ausschalten. Um es auszuschließen, patche erneut und lass diesen Patch weg.
%1$s. They were set when you patched, so Pause can't turn them off. To rule one out, patch again and leave out the patch in brackets after it.	%1$s. Diese wurden beim Patchen festgelegt, deshalb kann die Pause sie nicht ausschalten. Um eines davon auszuschließen, patche erneut und lass den Patch weg, der in Klammern dahinter steht.
A diagnostic report is already being saved.	Ein Diagnosebericht wird bereits gespeichert.
A file named %1$s in %2$s paused HushPinterest.	Eine Datei namens %1$s in %2$s hat HushPinterest pausiert.
About	Info
Android 11 and older don't say which links open here. Tap to open this app's settings, then Open by default.	Android 11 und älter melden nicht, welche Links sich hier öffnen. Tippe, um die Einstellungen dieser App zu öffnen, dann auf „Standardmäßig öffnen“.
Back	Zurück
Cancel	Abbrechen
Choose a settings file. Before anything is imported, you'll see how many switches it changes. What you import applies to all the accounts in this Pinterest app.	Wähle eine Einstellungsdatei. Vor dem Import siehst du, wie viele Schalter sie ändert. Was du importierst, gilt für alle Konten in dieser Pinterest-App.
Clear diagnostic data	Diagnosedaten löschen
Copy a quick report or save the full one to Download/Morphe. Links, IDs, cookies and sign-in tokens are left out. Check it for other private text before you share it.	Kopiere einen Kurzbericht oder speichere den vollständigen Bericht unter Download/Morphe. Links, IDs, Cookies und Anmeldetokens werden ausgelassen. Prüfe ihn vor dem Teilen auf andere private Angaben.
Copy quick report	Kurzbericht kopieren
Couldn't import the settings, and couldn't put back the ones you had. Check the switches on this screen.	Die Einstellungen ließen sich nicht importieren, und deine vorherigen ließen sich nicht wiederherstellen. Prüfe die Schalter auf diesem Bildschirm.
Couldn't import the settings. Nothing was changed.	Die Einstellungen ließen sich nicht importieren. Es wurde nichts geändert.
Couldn't open that file. Nothing was changed.	Diese Datei ließ sich nicht öffnen. Es wurde nichts geändert.
Couldn't open the file picker. Try again.	Die Dateiauswahl ließ sich nicht öffnen. Versuche es noch einmal.
Couldn't put back the diagnostic data. Try again.	Die Diagnosedaten ließen sich nicht wiederherstellen. Versuche es noch einmal.
Couldn't save the settings file. Try again.	Die Einstellungsdatei ließ sich nicht speichern. Versuche es noch einmal.
Couldn't start that. Try again in a moment.	Das ließ sich nicht starten. Versuche es gleich noch einmal.
Couldn't start the report export. Try again shortly.	Der Export des Berichts ließ sich nicht starten. Versuche es gleich noch einmal.
Couldn't turn HushPinterest back on. Try again.	HushPinterest ließ sich nicht wieder einschalten. Versuche es noch einmal.
Debug logging	Debug-Protokollierung
Diagnostic data cleared. Tap again to put it back.	Diagnosedaten gelöscht. Tippe erneut, um sie wiederherzustellen.
Diagnostic data put back.	Diagnosedaten wiederhergestellt.
Diagnostic report copied to the clipboard.	Diagnosebericht in die Zwischenablage kopiert.
Empties the log and the hook findings a report would include.	Leert das Protokoll und die Hook-Ergebnisse, die ein Bericht enthalten würde.
Every switch but Debug logging acts as if it were off, and what was set when you patched stays in. Your settings stay as they are.	Jeder Schalter außer der Debug-Protokollierung verhält sich, als wäre er aus, und was beim Patchen festgelegt wurde, bleibt aktiv. Deine Einstellungen bleiben, wie sie sind.
Export diagnostic report	Diagnosebericht exportieren
Export settings	Einstellungen exportieren
From the next start, every switch but Debug logging acts as if it were off. Changes made when you patched stay in, and your choices stay saved.	Ab dem nächsten Start verhält sich jeder Schalter außer der Debug-Protokollierung, als wäre er aus. Was beim Patchen festgelegt wurde, bleibt aktiv, und deine Auswahl bleibt gespeichert.
Hide ads	Werbung ausblenden
Links, updates, backup and more	Links, Updates, Sicherung und mehr
Save your switches to a file. They cover all the accounts in this Pinterest app. Pause and Debug logging aren't included, and neither is the release check.	Speichert deine Schalter in einer Datei. Sie gelten für alle Konten in dieser Pinterest-App. Pause und Debug-Protokollierung sind nicht enthalten, die Suche nach neuen Versionen auch nicht.
Settings exported. The app holding the file wouldn't let HushPinterest read it back, so it wasn't checked.	Einstellungen exportiert. Die App, in der die Datei liegt, ließ HushPinterest sie nicht zurücklesen, daher wurde sie nicht geprüft.
The app holding that file is taking too long, so HushPinterest stopped waiting. Nothing was changed.	Die App, in der die Datei liegt, braucht zu lange, deshalb wartet HushPinterest nicht mehr. Es wurde nichts geändert.
The app holding the last settings file still hasn't answered. Try again later.	Die App mit der letzten Einstellungsdatei hat noch immer nicht geantwortet. Versuche es später noch einmal.
The app holding the settings file is taking too long, so HushPinterest stopped waiting. That app may still finish saving it, so check the file before you rely on it.	Die App, in der die Einstellungsdatei liegt, braucht zu lange, deshalb wartet HushPinterest nicht mehr. Sie kann das Speichern noch abschließen, also prüfe die Datei, bevor du dich darauf verlässt.
The file %1$s couldn't be removed. Delete it from %2$s, then tap Resume again.	Die Datei %1$s ließ sich nicht entfernen. Lösche sie aus %2$s und tippe dann noch einmal auf Fortsetzen.
The settings file was saved, but it doesn't read back as what was written. Save it again as a new file.	Die Einstellungsdatei wurde gespeichert, liest sich aber nicht so zurück, wie sie geschrieben wurde. Speichere sie noch einmal als neue Datei.
Until you resume, every switch but Debug logging acts as if it were off. Changes made when you patched stay in.	Bis zum Fortsetzen verhält sich jeder Schalter außer der Debug-Protokollierung, als wäre er aus. Was beim Patchen festgelegt wurde, bleibt aktiv.
Full report saved to %1$s	Vollständiger Bericht gespeichert unter %1$s
GPL-3.0, with the notices of the projects this is built on	GPL-3.0, mit den Hinweisen der Projekte, auf denen es aufbaut
HushPinterest is on	HushPinterest ist aktiv
HushPinterest is paused	HushPinterest ist pausiert
HushPinterest settings	HushPinterest-Einstellungen
HushPinterest settings couldn't open	HushPinterest-Einstellungen ließen sich nicht öffnen
Import	Importieren
Import settings	Einstellungen importieren
Importing settings	Einstellungen werden importiert
Licenses	Lizenzen
Links	Links
OK	OK
Pause HushPinterest	HushPinterest pausieren
Reading the settings file	Einstellungsdatei wird gelesen
Retry	Erneut versuchen
Save full report	Vollständigen Bericht speichern
# The release check: its switch and Check now row under Updates, the status card's line about a newer release, and what a failed try says.
Check for new HushPinterest releases	Nach neuen HushPinterest-Versionen suchen
Ask GitHub once a day when Pinterest starts, and show a newer release at the top of these settings. Off by default. Nothing is downloaded.	Fragt GitHub einmal täglich beim Start von Pinterest ab und zeigt eine neuere Version oben in diesen Einstellungen. Standardmäßig aus. Es wird nichts heruntergeladen.
Check now	Jetzt prüfen
Asks GitHub for the newest release right now, even with the switch above off.	Fragt GitHub sofort nach der neuesten Version, auch wenn der Schalter darüber aus ist.
Checking GitHub now.	GitHub wird gerade gefragt.
HushPinterest %1$s is out. Update it in Morphe Manager.	HushPinterest %1$s ist erschienen. Aktualisiere es im Morphe Manager.
You have the newest HushPinterest release.	Du hast die neueste Version von HushPinterest.
The newest HushPinterest release is %1$s.	Die neueste Version von HushPinterest ist %1$s.
Couldn't reach GitHub. Try again later.	GitHub war nicht erreichbar. Versuche es später noch einmal.
GitHub is turning away checks from this network for now. Try again later.	GitHub weist Anfragen aus diesem Netz gerade ab. Versuche es später noch einmal.
GitHub's answer couldn't be used. Try again later.	Mit der Antwort von GitHub ließ sich nichts anfangen. Versuche es später noch einmal.
Saving the settings file	Einstellungsdatei wird gespeichert
Set when you patched	Beim Patchen festgelegt
Settings couldn't open	Einstellungen ließen sich nicht öffnen
Settings couldn't refresh completely. Reopen settings and try again.	Die Einstellungen ließen sich nicht vollständig aktualisieren. Öffne sie neu und versuche es noch einmal.
Settings exported.	Einstellungen exportiert.
Settings imported. %1$d switch changed.	Einstellungen importiert. %1$d Schalter wurde geändert.
Settings imported. %1$d switches changed.	Einstellungen importiert. %1$d Schalter wurden geändert.
Source code and issues	Quellcode und Issues
Stays in while paused	Bleibt während der Pause aktiv
Tap to turn it back on.	Zum Wiedereinschalten tippen.
That file is too large to be a settings file. Nothing was changed.	Diese Datei ist zu groß für eine Einstellungsdatei. Es wurde nichts geändert.
That file isn't readable text, so it may have been damaged on the way. Nothing was changed.	Diese Datei ist kein lesbarer Text, sie wurde also womöglich bei der Übertragung beschädigt. Es wurde nichts geändert.
That file lists a setting twice, so there's no telling which value to use. Nothing was changed.	Diese Datei führt eine Einstellung zweimal auf, daher ist unklar, welcher Wert gilt. Es wurde nichts geändert.
That isn't a HushPinterest settings file. Nothing was changed.	Das ist keine HushPinterest-Einstellungsdatei. Es wurde nichts geändert.
That settings file holds a value HushPinterest can't read. Nothing was changed.	Diese Einstellungsdatei enthält einen Wert, den HushPinterest nicht lesen kann. Es wurde nichts geändert.
That settings file is damaged or only partly downloaded. Nothing was changed.	Diese Einstellungsdatei ist beschädigt oder nur teilweise heruntergeladen. Es wurde nichts geändert.
That settings file was written by a newer HushPinterest than this one. Nothing was changed.	Diese Einstellungsdatei stammt aus einer neueren HushPinterest-Version als dieser. Es wurde nichts geändert.
The diagnostic report couldn't be saved yet. Try again in a moment.	Der Diagnosebericht ließ sich noch nicht speichern. Versuche es gleich noch einmal.
The diagnostic report couldn't be saved. Try again.	Der Diagnosebericht ließ sich nicht speichern. Versuche es noch einmal.
The file %1$s couldn't be removed. Delete it from %2$s to turn HushPinterest back on.	Die Datei %1$s ließ sich nicht entfernen. Lösche sie aus %2$s, um HushPinterest wieder einzuschalten.
The setting couldn't finish updating. Its saved value is shown.	Die Einstellung ließ sich nicht vollständig aktualisieren. Der gespeicherte Wert wird angezeigt.
There's no diagnostic data to clear.	Es gibt keine Diagnosedaten zum Löschen.
There's no diagnostic data to put back.	Es gibt keine Diagnosedaten zum Wiederherstellen.
This phone has no file picker, so there's no way to choose a file here.	Dieses Handy hat keine Dateiauswahl, hier lässt sich also keine Datei wählen.
Version	Version
Record patch activity and show errors for a bug report. Leave off during normal use.	Zeichnet Patch-Aktivität auf und zeigt Fehler für einen Fehlerbericht. Im Alltag ausgeschaltet lassen.
You paused HushPinterest.	Du hast HushPinterest pausiert.
Your switches already match that file, so nothing will change.	Deine Schalter entsprechen bereits dieser Datei, es ändert sich also nichts.
Copy a short report to the clipboard.	Kurzen Bericht in die Zwischenablage kopieren.
Save the full report in Download/Morphe.	Vollständigen Bericht unter Download/Morphe speichern.
Settings imported.	Einstellungen importiert.
No app on this phone can open the link. The address is %1$s.	Keine App auf diesem Handy kann den Link öffnen. Die Adresse ist %1$s.
Pause, backup and diagnostics	Pause, Sicherung und Diagnose
Updates	Updates
Jump to a section	Zu einem Abschnitt springen
Go straight to one group of settings. Back returns to where you were.	Direkt zu einer Gruppe von Einstellungen. Zurück bringt dich dorthin, wo du warst.
Browse settings	Einstellungen durchsuchen
More settings	Weitere Einstellungen
No matching settings	Keine passenden Einstellungen
%1$d setting found	%1$d Einstellung gefunden
%1$d settings found	%1$d Einstellungen gefunden
Try a different word or clear the search.	Versuch ein anderes Wort oder lösche die Suche.
Search settings	Einstellungen suchen
Clear search	Suche löschen
Your controls are active.	Deine Einstellungen sind aktiv.
Pause	Pausieren
Resume	Fortsetzen
Undo	Rückgängig

# context: Links section, the Supported links row. It reads Android's own per-app selection of Pinterest's web addresses (Android 12 and later) and opens Android's Open by default page for this app. Use the phone's own names for Open supported links, Open by default and App info.
Supported links	Unterstützte Links
Opening supported links is off for this app in Android's settings. Tap to turn it on.	„Unterstützte Links öffnen“ ist für diese App in den Android-Einstellungen aus. Tippe, um es einzuschalten.
Android didn't say which links open here. Tap to check in Android's settings.	Android hat nicht gemeldet, welche Links sich hier öffnen. Tippe, um in den Android-Einstellungen nachzusehen.
Selecting links by hand	Links von Hand auswählen

A change here applies after Pinterest restarts.	Eine Änderung hier gilt erst nach einem Neustart von Pinterest.
Android verified this app for Pinterest's web addresses, so their links open here.	Android hat diese App für die Webadressen von Pinterest bestätigt, deshalb öffnen sich ihre Links hier.
Android's settings for this app didn't open. Open App info from Pinterest's icon, then Open by default.	Die Android-Einstellungen für diese App ließen sich nicht öffnen. Öffne die App-Info über das Pinterest-Symbol, dann „Standardmäßig öffnen“.
HushPinterest %1$s on Pinterest %2$s	HushPinterest %1$s auf Pinterest %2$s
HushPinterest %1$s supports Pinterest %2$s.	HushPinterest %1$s unterstützt Pinterest %2$s.
HushPinterest pauses when Pinterest restarts.	HushPinterest pausiert, sobald Pinterest neu startet.
HushPinterest turns back on when Pinterest restarts.	HushPinterest ist wieder aktiv, sobald Pinterest neu startet.
It supports Pinterest %1$s.	Es unterstützt Pinterest %1$s.
None of Pinterest's web addresses are selected for this app, so their links open elsewhere. Tap to select them in Android's settings.	Keine Webadresse von Pinterest ist für diese App ausgewählt, deshalb öffnen sich ihre Links woanders. Tippe, um sie in den Android-Einstellungen auszuwählen.
Only some of Pinterest's web addresses are selected for this app, and links to the rest open elsewhere. Tap to select them in Android's settings.	Nur einige Webadressen von Pinterest sind für diese App ausgewählt, und Links zu den übrigen öffnen sich woanders. Tippe, um sie in den Android-Einstellungen auszuwählen.
Saved. Restart Pinterest to apply this change.	Gespeichert. Starte Pinterest neu, um diese Änderung zu übernehmen.
# context: Immutable hook coverage shown when a patch has missing targets.
This build has no coverage for %1$s.	Dieser Build deckt %1$s nicht ab.
This build covers %1$s. Missing coverage: %2$s.	Dieser Build deckt %1$s ab. Fehlende Abdeckung: %2$s.
Pinterest crashed or froze within a minute of starting three times in a row, so HushPinterest paused itself.	Pinterest ist dreimal hintereinander innerhalb einer Minute nach dem Start abgestürzt oder hängen geblieben, deshalb hat sich HushPinterest selbst pausiert.
Pinterest's web addresses are selected for this app in Android's settings, so their links open here.	Die Webadressen von Pinterest sind in den Android-Einstellungen für diese App ausgewählt, deshalb öffnen sich ihre Links hier.
Try again, or go back to Pinterest.	Versuche es noch einmal oder kehre zu Pinterest zurück.
Release notes	Versionshinweise
Read HushPinterest releases on GitHub. Nothing is downloaded here.	Lies die HushPinterest-Versionshinweise auf GitHub. Hier wird nichts heruntergeladen.
Update instructions	Anleitung zum Aktualisieren
Open the installation steps on GitHub.	Öffne die Installationsanleitung auf GitHub.
Your choices are saved. Tap Resume, then restart Pinterest.	Deine Auswahl bleibt gespeichert. Tippe auf Fortsetzen und starte Pinterest dann neu.
No HushPinterest release is out yet.	Es gibt noch keine Version von HushPinterest.
Accounts	Konten
Every switch here applies to all the accounts in this Pinterest app, not only the one you have open.	Jeder Schalter hier gilt für alle Konten in dieser Pinterest-App, nicht nur für das gerade geöffnete.
AI-labeled pins	KI-markierte Pins
AI-labeled pins in lists	KI-markierte Pins in Listen
Android opens pinterest.com and pin.it links in a patched Pinterest only when their addresses are selected for it. Selecting them sends their links here, and your other link settings stay as they are.	Android öffnet Links zu pinterest.com und pin.it in einem gepatchten Pinterest nur, wenn ihre Adressen dafür ausgewählt sind. Wenn du sie auswählst, landen ihre Links hier, und deine übrigen Link-Einstellungen bleiben unverändert.
Feed	Feed
Hide AI-labeled pins	KI-markierte Pins ausblenden
Pins that Pinterest labels as made or changed with AI leave the same lists. AI images without Pinterest's label still show.	Pins, die Pinterest als mit KI erstellt oder verändert kennzeichnet, verschwinden aus denselben Listen. KI-Bilder ohne Kennzeichnung von Pinterest werden weiterhin angezeigt.
Promoted and AI-labeled pins	Beworbene und KI-markierte Pins
Promoted pins	Beworbene Pins
Promoted pins leave the home feed, search, related pins and boards before they're shown, and ad-only panels stay folded away.	Beworbene Pins verschwinden aus dem Startfeed, der Suche, den ähnlichen Pins und den Pinnwänden, bevor sie angezeigt werden, und reine Werbebereiche bleiben eingeklappt.
ad-only views	reine Werbeansichten
promoted pins in lists	beworbene Pins in Listen
Privacy	Datenschutz
Pin actions	Pin-Aktionen
Interface	Oberfläche
Hide shopping and product pins	Shopping und Produkt-Pins ausblenden
Shoppable pins, shopping stories and featured boards	Kaufbare Pins, Shopping-Storys und vorgestellte Pinnwände
Disable analytics	Analyse deaktivieren
Stops usage uploads and analytics launch tasks. Firebase Analytics stays disabled until you patch without this patch.	Stoppt Nutzungsberichte und den Start von Analysediensten. Firebase Analytics bleibt deaktiviert, bis du ohne diesen Patch erneut patchst.
Firebase Analytics collection is disabled	Die Datenerfassung von Firebase Analytics ist deaktiviert
Analytics launch tasks	Start von Analysediensten
Analytics uploads	Analyseberichte
Strip link tracking	Link-Tracking entfernen
Removes known tracking parameters from copied and shared links. Short links stay as Pinterest made them.	Entfernt bekannte Tracking-Parameter aus kopierten und geteilten Links. Kurzlinks bleiben unverändert.
Download pins	Pins herunterladen
Adds Download to the pin menu. Saves original images and available videos.	Fügt Herunterladen zum Pin-Menü hinzu. Speichert Originalbilder und verfügbare Videos.
Open links in your browser	Links im Browser öffnen
Visit opens a web link in your browser.	Besuchen öffnet einen Weblink in deinem Browser.
System share sheet	Systemmenü zum Teilen
Share uses Android's share sheet.	Teilen verwendet das Android-Menü.
No screenshot share menu	Kein Teilen-Menü bei Screenshots
Off by default. Restart Pinterest to refresh a screen that's already open.	Standardmäßig aus. Starte Pinterest neu, um einen bereits geöffneten Bildschirm zu aktualisieren.
Hide search history	Suchverlauf ausblenden
Hides recent searches on this device. Pinterest's server history isn't deleted.	Blendet letzte Suchanfragen auf diesem Gerät aus. Der Verlauf auf Pinterest-Servern wird nicht gelöscht.
Hide navigation buttons	Navigationsschaltflächen ausblenden
Hide Create button	Erstellen-Schaltfläche ausblenden
Hide Notifications button	Benachrichtigungen-Schaltfläche ausblenden
Hide header buttons	Kopfzeilenschaltflächen ausblenden
Filter pin menu	Pin-Menü filtern
Hide collage menu items	Collage-Menüeinträge ausblenden
Hide Search image menu item	Bild suchen ausblenden
Hide Promote pin menu item	Pin bewerben ausblenden
Hide comments	Kommentare ausblenden
Hides the comments area under pins.	Blendet den Kommentarbereich unter Pins aus.
Quiet email reminders	E-Mail-Erinnerungen ausblenden
Disable update nag	Update-Aufforderung ausblenden
Hides Pinterest's Play Store update prompt.	Blendet die Play-Store-Update-Aufforderung von Pinterest aus.
Download pin	Pin herunterladen
Share pin	Pin teilen
Open pin link	Pin-Link öffnen
Download started. Check Downloads.	Download gestartet. Sieh unter Downloads nach.
Pin saved.	Pin gespeichert.
Couldn't save this pin.	Dieser Pin konnte nicht gespeichert werden.
Another pin is being saved. Try again when it's finished.	Ein anderer Pin wird gespeichert. Versuche es danach erneut.
The file may have saved. Check your chosen save location.	Die Datei wurde möglicherweise gespeichert. Prüfe den gewählten Speicherort.
Couldn't remove the incomplete file. Check your chosen save location.	Die unvollständige Datei konnte nicht entfernt werden. Prüfe den gewählten Speicherort.
