# Spanish for HushPinterest: the English key, a tab, the translation. One row per string.
# After editing, run python scripts/gen-l10n.py from the repository root.
%1$d item in that file isn't a setting this version of HushPinterest knows, so it'll be left out.	%1$d elemento de ese archivo no es un ajuste que conozca esta versión de HushPinterest, así que se omitirá.
%1$d items in that file aren't settings this version of HushPinterest knows, so they'll be left out.	%1$d elementos de ese archivo no son ajustes que conozca esta versión de HushPinterest, así que se omitirán.
%1$d switch will change.	Cambiará %1$d interruptor.
%1$d switches will change.	Cambiarán %1$d interruptores.
%1$s. It was set when you patched, so Pause can't turn it off. To rule it out, patch again and leave out that patch.	%1$s. Este cambio se aplicó al parchear, así que Pausar no puede desactivarlo. Para descartarlo, vuelve a parchear sin ese parche.
%1$s. They were set when you patched, so Pause can't turn them off. To rule one out, patch again and leave out the patch in brackets after it.	%1$s. Estos cambios se aplicaron al parchear, así que Pausar no puede desactivarlos. Para descartar uno, vuelve a parchear sin el parche que aparece entre paréntesis después de él.
A diagnostic report is already being saved.	Ya se está guardando un informe de diagnóstico.
A file named %1$s in %2$s paused HushPinterest.	Un archivo llamado %1$s en %2$s pausó HushPinterest.
About	Acerca de
Android 11 and older don't say which links open here. Tap to open this app's settings, then Open by default.	Android 11 y las versiones anteriores no indican qué enlaces se abren aquí. Toca para abrir los ajustes de esta app y luego Abrir de forma predeterminada.
Back	Atrás
Cancel	Cancelar
Choose a settings file. Before anything is imported, you'll see how many switches it changes. What you import applies to all the accounts in this Pinterest app.	Elige un archivo de configuración. Antes de importar nada, verás cuántos interruptores cambia. Lo que importes se aplica a todas las cuentas de esta app de Pinterest.
Clear diagnostic data	Borrar datos de diagnóstico
Copy a quick report or save the full one to Download/Morphe. Links, IDs, cookies and sign-in tokens are left out. Check it for other private text before you share it.	Copia un informe rápido o guarda el completo en Download/Morphe. Se omiten enlaces, ID, cookies y tokens de inicio de sesión. Revisa si queda otro texto privado antes de compartirlo.
Copy quick report	Copiar informe rápido
Couldn't import the settings, and couldn't put back the ones you had. Check the switches on this screen.	No se pudo importar la configuración ni restaurar la que tenías. Revisa los interruptores de esta pantalla.
Couldn't import the settings. Nothing was changed.	No se pudo importar la configuración. No se cambió nada.
Couldn't open that file. Nothing was changed.	No se pudo abrir ese archivo. No se cambió nada.
Couldn't open the file picker. Try again.	No se pudo abrir el selector de archivos. Inténtalo de nuevo.
Couldn't put back the diagnostic data. Try again.	No se pudieron restaurar los datos de diagnóstico. Inténtalo de nuevo.
Couldn't save the settings file. Try again.	No se pudo guardar el archivo de configuración. Inténtalo de nuevo.
Couldn't start that. Try again in a moment.	No se pudo iniciar. Inténtalo de nuevo en un momento.
Couldn't start the report export. Try again shortly.	No se pudo iniciar la exportación del informe. Inténtalo de nuevo en breve.
Couldn't turn HushPinterest back on. Try again.	No se pudo volver a activar HushPinterest. Inténtalo de nuevo.
Debug logging	Registro de depuración
Diagnostic data cleared. Tap again to put it back.	Se borraron los datos de diagnóstico. Toca de nuevo para restaurarlos.
Diagnostic data put back.	Se restauraron los datos de diagnóstico.
Diagnostic report copied to the clipboard.	Informe de diagnóstico copiado en el portapapeles.
Empties the log and the hook findings a report would include.	Vacía el registro y los resultados de los hooks que incluiría un informe.
Every switch but Debug logging acts as if it were off, and what was set when you patched stays in. Your settings stay as they are.	Todos los interruptores, salvo el Registro de depuración, funcionan como si estuvieran desactivados, y lo que se aplicó al parchear se mantiene. Tu configuración no cambia.
Export diagnostic report	Exportar informe de diagnóstico
Export settings	Exportar configuración
From the next start, every switch but Debug logging acts as if it were off. Changes made when you patched stay in, and your choices stay saved.	Desde el próximo inicio, todos los interruptores, salvo el Registro de depuración, funcionan como si estuvieran desactivados. Lo que se aplicó al parchear se mantiene, y tus preferencias quedan guardadas.
Hide ads	Ocultar anuncios
Links, updates, backup and more	Enlaces, actualizaciones, copia de seguridad y más
Save your switches to a file. They cover all the accounts in this Pinterest app. Pause and Debug logging aren't included, and neither is the release check.	Guarda tus interruptores en un archivo. Cubren todas las cuentas de esta app de Pinterest. La pausa y el Registro de depuración no se incluyen, y la búsqueda de nuevas versiones tampoco.
Settings exported. The app holding the file wouldn't let HushPinterest read it back, so it wasn't checked.	Configuración exportada. La app que guarda el archivo no dejó que HushPinterest lo volviera a leer, así que no se comprobó.
The app holding that file is taking too long, so HushPinterest stopped waiting. Nothing was changed.	La app que guarda ese archivo tarda demasiado, así que HushPinterest dejó de esperar. No se cambió nada.
The app holding the last settings file still hasn't answered. Try again later.	La app del último archivo de configuración aún no ha respondido. Inténtalo más tarde.
The app holding the settings file is taking too long, so HushPinterest stopped waiting. That app may still finish saving it, so check the file before you rely on it.	La app que guarda el archivo de configuración tarda demasiado, así que HushPinterest dejó de esperar. Esa app aún puede terminar de guardarlo, así que revisa el archivo antes de confiar en él.
The file %1$s couldn't be removed. Delete it from %2$s, then tap Resume again.	No se pudo eliminar el archivo %1$s. Bórralo de %2$s y luego vuelve a tocar Reanudar.
The settings file was saved, but it doesn't read back as what was written. Save it again as a new file.	El archivo de configuración se guardó, pero al volver a leerlo no coincide con lo que se escribió. Guárdalo de nuevo como un archivo nuevo.
Until you resume, every switch but Debug logging acts as if it were off. Changes made when you patched stay in.	Hasta que reanudes, todos los interruptores, salvo el Registro de depuración, funcionan como si estuvieran desactivados. Lo que se aplicó al parchear se mantiene.
Full report saved to %1$s	Informe completo guardado en %1$s
GPL-3.0, with the notices of the projects this is built on	GPL-3.0, con los avisos de los proyectos en los que se basa
HushPinterest is on	HushPinterest está activado
HushPinterest is paused	HushPinterest está en pausa
HushPinterest settings	Configuración de HushPinterest
HushPinterest settings couldn't open	No se pudo abrir la configuración de HushPinterest
Import	Importar
Import settings	Importar configuración
Importing settings	Importando la configuración
Licenses	Licencias
Links	Enlaces
OK	Aceptar
Pause HushPinterest	Pausar HushPinterest
Reading the settings file	Leyendo el archivo de configuración
Retry	Reintentar
Save full report	Guardar informe completo
# The release check: its switch and Check now row under Updates, the status card's line about a newer release, and what a failed try says.
Check for new HushPinterest releases	Buscar nuevas versiones de HushPinterest
Ask GitHub once a day when Pinterest starts, and show a newer release at the top of these settings. Off by default. Nothing is downloaded.	Consulta GitHub una vez al día al iniciar Pinterest y muestra una versión más nueva arriba de estos ajustes. Desactivado por defecto. No descarga nada.
Check now	Comprobar ahora
Asks GitHub for the newest release right now, even with the switch above off.	Pregunta ahora mismo a GitHub por la versión más reciente, aunque el interruptor de arriba esté desactivado.
Checking GitHub now.	Consultando GitHub ahora.
HushPinterest %1$s is out. Update it in Morphe Manager.	Ya salió HushPinterest %1$s. Actualízalo en Morphe Manager.
You have the newest HushPinterest release.	Tienes la versión más reciente de HushPinterest.
The newest HushPinterest release is %1$s.	La versión más reciente de HushPinterest es la %1$s.
Couldn't reach GitHub. Try again later.	No se pudo contactar con GitHub. Inténtalo de nuevo más tarde.
GitHub is turning away checks from this network for now. Try again later.	GitHub está rechazando por ahora las consultas desde esta red. Inténtalo de nuevo más tarde.
GitHub's answer couldn't be used. Try again later.	No se pudo usar la respuesta de GitHub. Inténtalo de nuevo más tarde.
Saving the settings file	Guardando el archivo de configuración
Set when you patched	Aplicado al parchear
Settings couldn't open	No se pudo abrir la configuración
Settings couldn't refresh completely. Reopen settings and try again.	No se pudo actualizar la configuración por completo. Vuelve a abrirla e inténtalo de nuevo.
Settings exported.	Configuración exportada.
Settings imported. %1$d switch changed.	Configuración importada. Cambió %1$d interruptor.
Settings imported. %1$d switches changed.	Configuración importada. Cambiaron %1$d interruptores.
Source code and issues	Código fuente e incidencias
Stays in while paused	Se mantiene durante la pausa
Tap to turn it back on.	Toca para volver a activarlo.
That file is too large to be a settings file. Nothing was changed.	Ese archivo es demasiado grande para ser un archivo de configuración. No se cambió nada.
That file isn't readable text, so it may have been damaged on the way. Nothing was changed.	Ese archivo no es texto legible, así que puede haberse dañado por el camino. No se cambió nada.
That file lists a setting twice, so there's no telling which value to use. Nothing was changed.	Ese archivo incluye un ajuste dos veces, así que no se sabe qué valor usar. No se cambió nada.
That isn't a HushPinterest settings file. Nothing was changed.	Eso no es un archivo de configuración de HushPinterest. No se cambió nada.
That settings file holds a value HushPinterest can't read. Nothing was changed.	Ese archivo de configuración contiene un valor que HushPinterest no puede leer. No se cambió nada.
That settings file is damaged or only partly downloaded. Nothing was changed.	Ese archivo de configuración está dañado o solo se descargó en parte. No se cambió nada.
That settings file was written by a newer HushPinterest than this one. Nothing was changed.	Ese archivo de configuración lo escribió una versión de HushPinterest más reciente que esta. No se cambió nada.
The diagnostic report couldn't be saved yet. Try again in a moment.	Todavía no se pudo guardar el informe de diagnóstico. Inténtalo de nuevo en un momento.
The diagnostic report couldn't be saved. Try again.	No se pudo guardar el informe de diagnóstico. Inténtalo de nuevo.
The file %1$s couldn't be removed. Delete it from %2$s to turn HushPinterest back on.	No se pudo eliminar el archivo %1$s. Bórralo de %2$s para volver a activar HushPinterest.
The setting couldn't finish updating. Its saved value is shown.	No se pudo terminar de actualizar el ajuste. Se muestra su valor guardado.
There's no diagnostic data to clear.	No hay datos de diagnóstico que borrar.
There's no diagnostic data to put back.	No hay datos de diagnóstico que restaurar.
This phone has no file picker, so there's no way to choose a file here.	Este teléfono no tiene selector de archivos, así que aquí no hay forma de elegir un archivo.
Version	Versión
Record patch activity and show errors for a bug report. Leave off during normal use.	Registra la actividad de los parches y muestra errores para un informe. Déjalo desactivado en el uso normal.
You paused HushPinterest.	Pausaste HushPinterest.
Your switches already match that file, so nothing will change.	Tus interruptores ya coinciden con ese archivo, así que no cambiará nada.
Copy a short report to the clipboard.	Copia un informe breve en el portapapeles.
Save the full report in Download/Morphe.	Guarda el informe completo en Download/Morphe.
Settings imported.	Configuración importada.
No app on this phone can open the link. The address is %1$s.	Ninguna app de este teléfono puede abrir el enlace. La dirección es %1$s.
Pause, backup and diagnostics	Pausa, copia de seguridad y diagnóstico
Updates	Actualizaciones
Jump to a section	Ir a una sección
Go straight to one group of settings. Back returns to where you were.	Ve directo a un grupo de ajustes. Atrás te devuelve a donde estabas.
Browse settings	Explorar ajustes
More settings	Más ajustes
No matching settings	No hay ajustes coincidentes
%1$d setting found	%1$d ajuste encontrado
%1$d settings found	%1$d ajustes encontrados
Try a different word or clear the search.	Prueba otra palabra o borra la búsqueda.
Search settings	Buscar ajustes
Clear search	Borrar búsqueda
Your controls are active.	Tus controles están activos.
Pause	Pausar
Resume	Reanudar
Undo	Deshacer

# context: Links section, the Supported links row. It reads Android's own per-app selection of Pinterest's web addresses (Android 12 and later) and opens Android's Open by default page for this app. Use the phone's own names for Open supported links, Open by default and App info.
Supported links	Enlaces compatibles
Opening supported links is off for this app in Android's settings. Tap to turn it on.	“Abrir enlaces compatibles” está desactivado para esta app en los ajustes de Android. Toca para activarlo.
Android didn't say which links open here. Tap to check in Android's settings.	Android no indicó qué enlaces se abren aquí. Toca para comprobarlo en los ajustes de Android.
Selecting links by hand	Seleccionar enlaces a mano

A change here applies after Pinterest restarts.	Un cambio de aquí se aplica cuando Pinterest se reinicie.
Android verified this app for Pinterest's web addresses, so their links open here.	Android verificó esta app para las direcciones web de Pinterest, así que sus enlaces se abren aquí.
Android's settings for this app didn't open. Open App info from Pinterest's icon, then Open by default.	No se abrieron los ajustes de Android para esta app. Abre Información de la app desde el icono de Pinterest y luego Abrir de forma predeterminada.
HushPinterest %1$s on Pinterest %2$s	HushPinterest %1$s en Pinterest %2$s
HushPinterest %1$s targets Pinterest %2$s.	HushPinterest %1$s está pensado para Pinterest %2$s.
HushPinterest pauses when Pinterest restarts.	HushPinterest se pausa cuando Pinterest se reinicie.
HushPinterest turns back on when Pinterest restarts.	HushPinterest vuelve a activarse cuando Pinterest se reinicie.
It targets Pinterest %1$s.	Está pensado para Pinterest %1$s.
None of Pinterest's web addresses are selected for this app, so their links open elsewhere. Tap to select them in Android's settings.	Ninguna dirección web de Pinterest está seleccionada para esta app, así que sus enlaces se abren en otro sitio. Toca para seleccionarlas en los ajustes de Android.
Only some of Pinterest's web addresses are selected for this app, and links to the rest open elsewhere. Tap to select them in Android's settings.	Solo algunas direcciones web de Pinterest están seleccionadas para esta app, y los enlaces a las demás se abren en otro sitio. Toca para seleccionarlas en los ajustes de Android.
Saved. Restart Pinterest to apply this change.	Guardado. Reinicia Pinterest para aplicar este cambio.
# context: Immutable hook coverage shown when a patch has missing targets.
This build has no coverage for %1$s.	Esta versión no cubre %1$s.
This build covers %1$s. Missing coverage: %2$s.	Esta versión cubre %1$s. Falta cobertura de %2$s.
Pinterest crashed or froze within a minute of starting three times in a row, so HushPinterest paused itself.	Tres veces seguidas, Pinterest falló o se congeló durante el primer minuto tras iniciarse, así que HushPinterest se pausó solo.
Pinterest's web addresses are selected for this app in Android's settings, so their links open here.	Las direcciones web de Pinterest están seleccionadas para esta app en los ajustes de Android, así que sus enlaces se abren aquí.
Try again, or go back to Pinterest.	Inténtalo de nuevo o vuelve a Pinterest.
Your choices are saved. Tap Resume, then restart Pinterest.	Tus preferencias están guardadas. Toca Reanudar y luego reinicia Pinterest.
No HushPinterest release is out yet.	Todavía no hay ninguna versión de HushPinterest.
Accounts	Cuentas
Every switch here applies to all the accounts in this Pinterest app, not only the one you have open.	Cada interruptor de aquí se aplica a todas las cuentas de esta app de Pinterest, no solo a la que tienes abierta.
AI-labeled pins	Pines con etiqueta de IA
AI-labeled pins in lists	pines con etiqueta de IA en las listas
Android opens pinterest.com and pin.it links in a patched Pinterest only when their addresses are selected for it. Selecting them sends their links here, and your other link settings stay as they are.	Android abre los enlaces de pinterest.com y pin.it en un Pinterest parcheado solo cuando sus direcciones están seleccionadas para él. Al seleccionarlas, sus enlaces llegan aquí, y tus demás ajustes de enlaces se quedan como están.
Feed	Feed
Hide AI-labeled pins	Ocultar pines con etiqueta de IA
Pins that Pinterest labels as made or changed with AI leave the same lists. AI images without Pinterest's label still show.	Los pines que Pinterest etiqueta como creados o modificados con IA desaparecen de las mismas listas. Las imágenes de IA sin la etiqueta de Pinterest se siguen mostrando.
Promoted and AI-labeled pins	Pines promocionados y con etiqueta de IA
Promoted pins	Pines promocionados
Promoted pins leave the home feed, search, related pins and boards before they're shown, and ad-only panels stay folded away.	Los pines promocionados desaparecen del feed de inicio, la búsqueda, los pines relacionados y los tableros antes de mostrarse, y los paneles que solo contienen anuncios se quedan plegados.
ad-only views	vistas solo de anuncios
promoted pins in lists	pines promocionados en las listas
Privacy	Privacidad
Pin actions	Acciones del pin
Interface	Interfaz
Hide shopping and product pins	Ocultar compras y pines de productos
Shoppable pins, shopping stories and featured boards	Pines de compras, historias de compras y tableros destacados
Disable analytics	Desactivar estadísticas
Stops usage uploads and analytics launch tasks. Firebase Analytics stays disabled until you patch without this patch.	Detiene los envíos de uso y el inicio de las estadísticas. Firebase Analytics sigue desactivado hasta que vuelvas a parchear sin este parche.
Firebase Analytics collection is disabled	La recopilación de Firebase Analytics está desactivada
Analytics launch tasks	Inicio de estadísticas
Analytics uploads	Envíos de estadísticas
Strip link tracking	Quitar rastreo de enlaces
Removes known tracking parameters from copied and shared links. Short links stay as Pinterest made them.	Quita parámetros de rastreo conocidos de los enlaces copiados y compartidos. Los enlaces cortos quedan como los creó Pinterest.
Download pins	Descargar pines
Adds Download to the pin menu. Saves original images and available videos.	Añade Descargar al menú del pin. Guarda imágenes originales y vídeos disponibles.
Open links in your browser	Abrir enlaces en tu navegador
Visit opens a web link in your browser.	Visitar abre el enlace web en tu navegador.
System share sheet	Menú de compartir del sistema
Share uses Android's share sheet.	Compartir usa el menú de Android.
No screenshot share menu	Sin menú al hacer capturas
Off by default. Restart Pinterest to refresh a screen that's already open.	Desactivado por defecto. Reinicia Pinterest para actualizar una pantalla que ya esté abierta.
Hide search history	Ocultar historial de búsquedas
Hides recent searches on this device. Pinterest's server history isn't deleted.	Oculta las búsquedas recientes en este dispositivo. No borra el historial de los servidores de Pinterest.
Hide navigation buttons	Ocultar botones de navegación
Hide Create button	Ocultar botón Crear
Hide Notifications button	Ocultar botón Notificaciones
Hide header buttons	Ocultar botones del encabezado
Filter pin menu	Filtrar menú del pin
Hide collage menu items	Ocultar opciones de collage
Hide Search image menu item	Ocultar opción Buscar imagen
Hide Promote pin menu item	Ocultar opción Promocionar pin
Hide comments	Ocultar comentarios
Hides the comments area under pins.	Oculta la zona de comentarios bajo los pines.
Quiet email reminders	Ocultar recordatorios de correo
Disable update nag	Ocultar aviso de actualización
Hides Pinterest's Play Store update prompt.	Oculta el aviso de actualización de Pinterest en Play Store.
Download pin	Descargar pin
Share pin	Compartir pin
Open pin link	Abrir enlace del pin
Download started. Check Downloads.	Descarga iniciada. Revisa Descargas.
Pin saved.	Pin guardado.
Couldn't save this pin.	No se pudo guardar este pin.
Another pin is being saved. Try again when it's finished.	Se está guardando otro pin. Inténtalo de nuevo cuando termine.
